CREATE DATABASE Eurocopa2016;

USE Eurocopa2016;

CREATE TABLE paises(
    id_pais int,
    pais_abr varchar(3),
    nombre_pais varchar(30),
    primary key (id_pais)
);

insert into paises values (1201,'ALB','Albania');
insert into paises values (1202,'AUT','Austria');
insert into paises values (1203,'BEL','Belgium');
insert into paises values (1204,'CRO','Croatia');
insert into paises values (1205,'CZE','Czech Republic');
insert into paises values (1206,'ENG','England');
insert into paises values (1207,'FRA','France');
insert into paises values (1208,'GER','Germany');
insert into paises values (1209,'HUN','Hungary');
insert into paises values (1210,'ISL','Iceland');
insert into paises values (1211,'ITA','Italy');
insert into paises values (1212,'NIR','Northern Ireland');
insert into paises values (1213,'POL','Poland');
insert into paises values (1214,'POR','Portugal');
insert into paises values (1215,'IRL','Republic of Ireland');
insert into paises values (1216,'ROU','Romania');
insert into paises values (1217,'RUS','Russia');
insert into paises values (1218,'SVK','Slovakia');
insert into paises values (1219,'ESP','Spain');
insert into paises values (1220,'SWE','Sweden');
insert into paises values (1221,'SUI','Switzerland');
insert into paises values (1222,'TUR','Turkey');
insert into paises values (1223,'UKR','Ukraine');
insert into paises values (1224,'WAL','Wales');
insert into paises values (1225,'SLO','Slovenia');
insert into paises values (1226,'NED','Netherlands');
insert into paises values (1227,'SRB','Serbia');
insert into paises values (1228,'SCO','Scotland');
insert into paises values (1229,'NOR','Norway');

CREATE TABLE ciudades(
	id_ciudad int,
	ciudad varchar(25),
	id_pais int,
	primary key (id_ciudad)
);

insert into ciudades values (10001,'Paris',1207);
insert into ciudades values (10002,'Saint-Denis',1207);
insert into ciudades values (10003,'Bordeaux',1207);
insert into ciudades values (10004,'Lens',1207);
insert into ciudades values (10005,'Lille',1207);
insert into ciudades values (10006,'Lyon',1207);
insert into ciudades values (10007,'Marseille',1207);
insert into ciudades values (10008,'Nice',1207);
insert into ciudades values (10009,'Saint-Etienne',1207);
insert into ciudades values (10010,'Toulouse',1207);

CREATE TABLE estadios(
	id_estadio int,
	estadio varchar(25),
	id_ciudad int,
	capacidad int,
	primary key (id_estadio)
);

insert into estadios values (20001,'Stade de Bordeaux',10003,42115);
insert into estadios values (20002,'Stade Bollaert-Delelis',10004,38223);
insert into estadios values (20003,'Stade Pierre Mauroy',10005,49822);
insert into estadios values (20004,'Stade de Lyon',10006,58585);
insert into estadios values (20005,'Stade VElodrome',10007,64354);
insert into estadios values (20006,'Stade de Nice',10008,35624);
insert into estadios values (20007,'Parc des Princes',10001,47294);
insert into estadios values (20008,'Stade de France',10002,80100);
insert into estadios values (20009,'Stade Geoffroy Guichard',10009,42000);
insert into estadios values (20010,'Stadium de Toulouse',10010,33150);

CREATE TABLE equipos(
	id_pais int,
	grupo char,
	partidos_jugados int,
	ganados int,
	empatados int,
	perdidos int, 
	goles_a_favor int,
	goles_en_contra int,
	diferencia_goles int,
	puntos int,
	posicion_tabla int
);

insert into equipos values (1201,'A',3,1,0,2,1,3,-2,3,3);
insert into equipos values (1202,'F',3,0,1,2,1,4,-3,1,4);
insert into equipos values (1203,'E',3,2,0,1,4,2,2,6,2);
insert into equipos values (1204,'D',3,2,1,0,5,3,2,7,1);
insert into equipos values (1205,'D',3,0,1,2,2,5,-3,1,4);
insert into equipos values (1206,'B',3,1,2,0,3,2,1,5,2);
insert into equipos values (1207,'A',3,2,1,0,4,1,3,7,1);
insert into equipos values (1208,'C',3,2,1,0,3,0,3,7,1);
insert into equipos values (1209,'F',3,1,2,0,6,4,2,5,1);
insert into equipos values (1210,'F',3,1,2,0,4,3,1,5,2);
insert into equipos values (1211,'E',3,2,0,1,3,1,2,6,1);
insert into equipos values (1212,'C',3,1,0,2,2,2,0,3,3);
insert into equipos values (1213,'C',3,2,1,0,2,0,2,7,2);
insert into equipos values (1214,'F',3,0,3,0,4,4,0,3,3);
insert into equipos values (1215,'E',3,1,1,1,2,4,-2,4,3);
insert into equipos values (1216,'A',3,0,1,2,2,4,-2,1,4);
insert into equipos values (1217,'B',3,0,1,2,2,6,-4,1,4);
insert into equipos values (1218,'B',3,1,1,1,3,3,0,4,3);
insert into equipos values (1219,'D',3,2,0,1,5,2,3,6,2);
insert into equipos values (1220,'E',3,0,1,2,1,3,-2,1,4);
insert into equipos values (1221,'A',3,1,2,0,2,1,1,5,2);
insert into equipos values (1222,'D',3,1,0,2,2,4,-2,3,3);
insert into equipos values (1223,'C',3,0,0,3,0,5,-5,0,4);
insert into equipos values (1224,'B',3,2,0,1,6,3,3,6,1);

CREATE TABLE jugadores(
	id_jugador int,
	id_pais int,
	playera int,
	nombre_jugador varchar(50),
	posicion varchar(2),
	nacimiento DATE,
	edad int,
	club varchar(30),
	primary key (id_jugador)
);

insert into jugadores values (160001,1201,1,'Etrit Berisha','GK','1989-03-10',27,'Lazio');
insert into jugadores values (160008,1201,2,'Andi Lila','DF','1986-02-12',30,'Giannina');
insert into jugadores values (160016,1201,3,'Ermir Lenjani','MF','1989-08-05',26,'Nantes');
insert into jugadores values (160007,1201,4,'Elseid Hysaj','DF','1994-02-20',22,'Napoli');
insert into jugadores values (160013,1201,5,'Lorik Cana','MF','1983-07-27',32,'Nantes');
insert into jugadores values (160010,1201,6,'Frederic Veseli','DF','1992-11-20',23,'Lugano');
insert into jugadores values (160004,1201,7,'Ansi Agolli','DF','1982-10-11',33,'Qarabag');
insert into jugadores values (160012,1201,8,'Migjen Basha','MF','1987-01-05',29,'Como');
insert into jugadores values (160017,1201,9,'Ledian Memushaj','MF','1986-12-17',29,'Pescara');
insert into jugadores values (160023,1201,10,'Armando Sadiku','FD','1991-05-27',25,'Vaduz');
insert into jugadores values (160022,1201,11,'Shkelzen Gashi','FD','1988-07-15',27,'Colorado');
insert into jugadores values (160003,1201,12,'Orges Shehi','GK','1977-09-25',38,'Skenderbeu');
insert into jugadores values (160015,1201,13,'Burim Kukeli','MF','1984-01-16',32,'Zurich');
insert into jugadores values (160019,1201,14,'Taulant Xhaka','MF','1991-03-28',25,'Basel');
insert into jugadores values (160009,1201,15,'Mergim Mavraj','DF','1986-06-09',30,'Koln');
insert into jugadores values (160021,1201,16,'Sokol Cikalleshi','FD','1990-07-27',25,'Istanbul Basaksehir');
insert into jugadores values (160006,1201,17,'Naser Aliji','DF','1993-12-27',22,'Basel');
insert into jugadores values (160005,1201,18,'Arlind Ajeti','DF','1993-09-25',22,'Frosinone');
insert into jugadores values (160020,1201,19,'Bekim Balaj','FD','1991-01-11',25,'Rijeka');
insert into jugadores values (160014,1201,20,'Ergys Kace','MF','1993-07-08',22,'PAOK');
insert into jugadores values (160018,1201,21,'Odise Roshi','MF','1991-05-22',25,'Rijeka');
insert into jugadores values (160011,1201,22,'Amir Abrashi','MF','1990-03-27',26,'Freiburg');
insert into jugadores values (160002,1201,23,'Alban Hoxha','GK','1987-11-23',28,'Partizani');
insert into jugadores values (160024,1202,1,'Robert Almer','GK','1984-03-20',32,'Austria Wien');
insert into jugadores values (160036,1202,2,'Gyorgy Garics','MF','1984-03-08',32,'Darmstadt');
insert into jugadores values (160027,1202,3,'Aleksandar Dragovic','DF','1991-03-06',25,'Dynamo Kyiv');
insert into jugadores values (160029,1202,4,'Martin Hinteregger','DF','1992-09-07',23,'Monchengladbach');
insert into jugadores values (160028,1202,5,'Christian Fuchs','DF','1986-04-07',30,'Leicester');
insert into jugadores values (160038,1202,6,'Stefan Ilsanker','MF','1989-05-18',27,'Leipzig');
insert into jugadores values (160043,1202,7,'Marko Arnautovic','FD','1989-04-19',27,'Stoke');
insert into jugadores values (160034,1202,8,'David Alaba','MF','1992-06-24',23,'Bayern');
insert into jugadores values (160046,1202,9,'Rubin Okotie','FD','1987-06-06',29,'1860 Munchen');
insert into jugadores values (160040,1202,10,'Zlatko Junuzovic','MF','1987-09-26',28,'Bremen');
insert into jugadores values (160037,1202,11,'Martin Harnik','MF','1987-06-10',29,'Stuttgart');
insert into jugadores values (160025,1202,12,'Heinz Lindner','GK','1990-07-17',25,'Frankfurt');
insert into jugadores values (160032,1202,13,'Markus Suttner','DF','1987-04-16',29,'Ingolstadt');
insert into jugadores values (160035,1202,14,'Julian Baumgartlinger','MF','1988-01-02',28,'Mainz');
insert into jugadores values (160031,1202,15,'Sebastian Prodl','DF','1987-06-21',28,'Watford');
insert into jugadores values (160033,1202,16,'Kevin Wimmer','DF','1992-11-15',23,'Tottenham');
insert into jugadores values (160030,1202,17,'Florian Klein','DF','1986-11-17',29,'Stuttgart');
insert into jugadores values (160042,1202,18,'Alessandro Schopf','MF','1994-02-07',22,'Schalke');
insert into jugadores values (160044,1202,19,'Lukas Hinterseer','FD','1991-03-28',25,'Ingolstadt');
insert into jugadores values (160041,1202,20,'Marcel Sabitzer','MF','1994-03-17',22,'Leipzig');
insert into jugadores values (160045,1202,21,'Marc Janko','FD','1983-06-25',32,'Basel');
insert into jugadores values (160039,1202,22,'Jakob Jantscher','MF','1989-01-08',27,'Luzern');
insert into jugadores values (160026,1202,23,'Ramazan Ozcan','GK','1984-06-28',31,'Ingolstadt');
insert into jugadores values (160047,1203,1,'Thibaut Courtois','GK','1992-05-11',24,'Chelsea');
insert into jugadores values (160050,1203,2,'Toby Alderweireld','DF','1989-03-02',27,'Tottenham');
insert into jugadores values (160056,1203,3,'Thomas Vermaelen','DF','1985-11-14',30,'Barcelona');
insert into jugadores values (160063,1203,4,'Radja Nainggolan','MF','1988-05-04',28,'Roma');
insert into jugadores values (160057,1203,5,'Jan Vertonghen','DF','1987-04-24',29,'Tottenham');
insert into jugadores values (160064,1203,6,'Axel Witsel','MF','1989-01-12',27,'Zenit');
insert into jugadores values (160059,1203,7,'Kevin De Bruyne','MF','1991-06-28',24,'Man. City');
insert into jugadores values (160061,1203,8,'Marouane Fellaini','MF','1987-11-22',28,'Man. United');
insert into jugadores values (160067,1203,9,'Romelu Lukaku','FD','1993-05-13',23,'Everton');
insert into jugadores values (160062,1203,10,'Eden Hazard','MF','1991-01-07',25,'Chelsea');
insert into jugadores values (160058,1203,11,'Yannick Carrasco','MF','1993-09-04',22,'Atletico');
insert into jugadores values (160049,1203,12,'Simon Mignolet','GK','1988-08-06',27,'Liverpool');
insert into jugadores values (160048,1203,13,'Jean-Francois Gillet','GK','1979-05-31',37,'Mechelen');
insert into jugadores values (160068,1203,14,'Dries Mertens','FD','1987-05-06',29,'Napoli');
insert into jugadores values (160052,1203,15,'Jason Denayer','DF','1995-06-28',20,'Galatasaray');
insert into jugadores values (160055,1203,16,'Thomas Meunier','DF','1991-09-12',24,'Club Brugge');
insert into jugadores values (160069,1203,17,'Divock Origi','FD','1995-04-18',21,'Liverpool');
insert into jugadores values (160053,1203,18,'Christian Kabasele','DF','1991-02-24',25,'Genk');
insert into jugadores values (160060,1203,19,'Mousa Dembele','MF','1987-07-16',28,'Tottenham');
insert into jugadores values (160066,1203,20,'Christian Benteke','FD','1990-12-03',25,'Liverpool');
insert into jugadores values (160054,1203,21,'Jordan Lukaku','DF','1994-07-25',21,'Oostende');
insert into jugadores values (160065,1203,22,'Michy Batshuayi','FD','1993-10-02',22,'Marseille');
insert into jugadores values (160051,1203,23,'Laurent Ciman','DF','1985-08-05',30,'Montreal');
insert into jugadores values (160072,1204,1,'Ivan Vargic','GK','1987-03-15',29,'Rijeka');
insert into jugadores values (160079,1204,2,'Sime Vrsaljko','DF','1992-01-10',24,'Sassuolo');
insert into jugadores values (160077,1204,3,'Ivan Strinic','DF','1987-07-17',28,'Napoli');
insert into jugadores values (160085,1204,4,'Ivan PeriSic','MF','1989-02-02',27,'Internazionale');
insert into jugadores values (160073,1204,5,'Vedran Corluka','DF','1986-02-05',30,'Lokomotiv Moskva');
insert into jugadores values (160074,1204,6,'Tin Jedvaj','DF','1995-11-28',20,'Leverkusen');
insert into jugadores values (160086,1204,7,'Ivan Rakitic','MF','1988-03-10',28,'Barcelona');
insert into jugadores values (160083,1204,8,'Mateo Kovacic','MF','1994-05-06',22,'Real Madrid');
insert into jugadores values (160090,1204,9,'Andrej Kramaric','FD','1991-06-19',24,'Hoffenheim');
insert into jugadores values (160084,1204,10,'Luka Modric','MF','1985-09-09',30,'Real Madrid');
insert into jugadores values (160076,1204,11,'Darijo Srna','DF','1982-05-01',34,'Shakhtar Donetsk');
insert into jugadores values (160070,1204,12,'Lovre Kalinic','GK','1990-04-03',26,'Hajduk Split');
insert into jugadores values (160075,1204,13,'Gordon Schildenfeld','DF','1985-03-18',31,'Dinamo Zagreb');
insert into jugadores values (160081,1204,14,'Marcelo Brozovic','MF','1992-11-16',23,'Internazionale');
insert into jugadores values (160087,1204,15,'Marko Rog','MF','1995-07-19',20,'Dinamo Zagreb');
insert into jugadores values (160089,1204,16,'Nikola Kalinic','FD','1988-01-05',28,'Fiorentina');
insert into jugadores values (160091,1204,17,'Mario Mandzukic','FD','1986-05-21',30,'Juventus');
insert into jugadores values (160082,1204,18,'Ante Coric','MF','1997-04-14',19,'Dinamo Zagreb');
insert into jugadores values (160080,1204,19,'Milan Badelj','MF','1989-02-25',27,'Fiorentina');
insert into jugadores values (160092,1204,20,'Marko Pjaca','FD','1995-05-06',21,'Dinamo Zagreb');
insert into jugadores values (160078,1204,21,'Domagoj Vida','DF','1989-04-29',27,'Dynamo Kyiv');
insert into jugadores values (160088,1204,22,'Duje Cop','FD','1990-02-01',26,'Malaga');
insert into jugadores values (160071,1204,23,'Danijel SubaSic','GK','1984-10-27',31,'Monaco');
insert into jugadores values (160093,1205,1,'Petr Cech','GK','1982-05-20',34,'Arsenal');
insert into jugadores values (160098,1205,2,'Pavel Kaderabek','DF','1992-04-25',24,'Hoffenheim');
insert into jugadores values (160099,1205,3,'Michal Kadlec','DF','1984-12-13',31,'Fenerbahce');
insert into jugadores values (160096,1205,4,'Theodor Gebre Selassie','DF','1986-12-24',29,'Bremen');
insert into jugadores values (160097,1205,5,'Roman Hubnik','DF','1984-06-06',32,'Plzen');
insert into jugadores values (160101,1205,6,'TomasSivok','DF','1983-09-15',32,'Bursaspor');
insert into jugadores values (160114,1205,7,'TomasNecid','FD','1989-08-13',26,'Bursaspor');
insert into jugadores values (160100,1205,8,'David Limbersky','DF','1983-10-06',32,'Plzen');
insert into jugadores values (160104,1205,9,'Borek Dockal','MF','1988-09-30',27,'Sparta Praha');
insert into jugadores values (160110,1205,10,'TomasRosicky','MF','1980-10-04',35,'Arsenal');
insert into jugadores values (160109,1205,11,'Daniel Pudil','MF','1985-09-27',30,'Sheff. Wednesday');
insert into jugadores values (160115,1205,12,'Milan Skoda','FD','1986-01-16',30,'Slavia Praha');
insert into jugadores values (160108,1205,13,'Jaroslav PlaSil','MF','1982-01-05',34,'Bordeaux');
insert into jugadores values (160105,1205,14,'Daniel Kolar','MF','1985-10-27',30,'Plzen');
insert into jugadores values (160107,1205,15,'David Pavelka','MF','1991-05-18',25,'Kasimpasa');
insert into jugadores values (160095,1205,16,'TomasVaclik','GK','1989-03-29',27,'Basel');
insert into jugadores values (160102,1205,17,'Marek Suchy','DF','1988-03-29',28,'Basel');
insert into jugadores values (160112,1205,18,'Josef Sural','MF','1990-05-30',26,'Sparta Praha');
insert into jugadores values (160106,1205,19,'Ladislav Krejci','MF','1992-07-05',23,'Sparta Praha');
insert into jugadores values (160111,1205,20,'Jiri Skalak','MF','1992-03-12',24,'Brighton');
insert into jugadores values (160113,1205,21,'David Lafata','FD','1981-09-18',34,'Sparta Praha');
insert into jugadores values (160103,1205,22,'Vladimir Darida','MF','1990-08-08',25,'Hertha');
insert into jugadores values (160094,1205,23,'TomasKoubek','GK','1992-08-26',23,'Liberec');
insert into jugadores values (160117,1206,1,'Joe Hart','GK','1987-04-19',29,'Man. City');
insert into jugadores values (160125,1206,2,'Kyle Walker','DF','1990-05-28',26,'Tottenham');
insert into jugadores values (160122,1206,3,'Danny Rose','DF','1990-07-02',25,'Tottenham');
insert into jugadores values (160131,1206,4,'James Milner','MF','1986-01-04',30,'Liverpool');
insert into jugadores values (160120,1206,5,'Gary Cahill','DF','1985-12-19',30,'Chelsea');
insert into jugadores values (160123,1206,6,'Chris Smalling','DF','1989-11-22',26,'Man. United');
insert into jugadores values (160132,1206,7,'Raheem Sterling','MF','1994-12-08',21,'Man. City');
insert into jugadores values (160130,1206,8,'Adam Lallana','MF','1988-05-10',28,'Liverpool');
insert into jugadores values (160134,1206,9,'Harry Kane','FD','1993-07-28',22,'Tottenham');
insert into jugadores values (160136,1206,10,'Wayne Rooney','FD','1985-10-24',30,'Man. United');
insert into jugadores values (160138,1206,11,'Jamie Vardy','FD','1987-01-11',29,'Leicester');
insert into jugadores values (160121,1206,12,'Nathaniel Clyne','DF','1991-04-05',25,'Liverpool');
insert into jugadores values (160116,1206,13,'Fraser Forster','GK','1988-03-17',28,'Southampton');
insert into jugadores values (160129,1206,14,'Jordan Henderson','MF','1990-06-17',26,'Liverpool');
insert into jugadores values (160137,1206,15,'Daniel Sturridge','FD','1989-09-01',26,'Liverpool');
insert into jugadores values (160124,1206,16,'John Stones','DF','1994-05-28',22,'Everton');
insert into jugadores values (160128,1206,17,'Eric Dier','MF','1994-01-15',22,'Tottenham');
insert into jugadores values (160133,1206,18,'Jack Wilshere','MF','1992-01-01',24,'Arsenal');
insert into jugadores values (160127,1206,19,'Ross Barkley','MF','1993-12-05',22,'Everton');
insert into jugadores values (160126,1206,20,'Dele Alli','MF','1996-04-11',20,'Tottenham');
insert into jugadores values (160119,1206,21,'Ryan Bertrand','DF','1989-08-05',26,'Southampton');
insert into jugadores values (160135,1206,22,'Marcus Rashford','FD','1997-10-31',18,'Man. United');
insert into jugadores values (160118,1206,23,'Tom Heaton','GK','1986-04-15',30,'Burnley');
insert into jugadores values (160140,1207,1,'Hugo Lloris','GK','1986-12-26',29,'Tottenham');
insert into jugadores values (160144,1207,2,'Christophe Jallet','DF','1983-10-31',32,'Lyon');
insert into jugadores values (160143,1207,3,'Patrice Evra','DF','1981-05-15',35,'Juventus');
insert into jugadores values (160147,1207,4,'Adil Rami','DF','1985-12-27',30,'Sevilla');
insert into jugadores values (160152,1207,5,'NGolo Kante','MF','1991-03-29',25,'Leicester');
insert into jugadores values (160150,1207,6,'Yohan Cabaye','MF','1986-01-14',30,'Crystal Palace');
insert into jugadores values (160160,1207,7,'Antoine Griezmann','FD','1991-03-21',25,'Atletico');
insert into jugadores values (160154,1207,8,'Dimitri Payet','MF','1987-03-29',29,'West Ham');
insert into jugadores values (160159,1207,9,'Olivier Giroud','FD','1986-09-30',29,'Arsenal');
insert into jugadores values (160158,1207,10,'Andre-Pierre Gignac','FD','1985-12-05',30,'Tigres');
insert into jugadores values (160161,1207,11,'Anthony Martial','FD','1995-12-05',20,'Man. United');
insert into jugadores values (160156,1207,12,'Morgan Schneiderlin','MF','1989-11-08',26,'Man. United');
insert into jugadores values (160146,1207,13,'Eliaquim Mangala','DF','1991-02-13',25,'Man. City');
insert into jugadores values (160153,1207,14,'Blaise Matuidi','MF','1987-04-09',29,'Paris');
insert into jugadores values (160155,1207,15,'Paul Pogba','MF','1993-03-15',23,'Juventus');
insert into jugadores values (160141,1207,16,'Steve Mandanda','GK','1985-03-28',31,'Marseille');
insert into jugadores values (160142,1207,17,'Lucas Digne','DF','1993-07-20',22,'Roma');
insert into jugadores values (160157,1207,18,'Moussa Sissoko','MF','1989-08-16',26,'Newcastle');
insert into jugadores values (160148,1207,19,'Bacary Sagna','DF','1983-02-14',33,'Man. City');
insert into jugadores values (160151,1207,20,'Kingsley Coman','MF','1996-06-13',20,'Bayern');
insert into jugadores values (160145,1207,21,'Laurent Koscielny','DF','1985-09-10',30,'Arsenal');
insert into jugadores values (160149,1207,22,'Samuel Umtiti','DF','1993-11-14',22,'Lyon');
insert into jugadores values (160139,1207,23,'Benoit Costil','GK','1987-07-03',28,'Rennes');
insert into jugadores values (160163,1208,1,'Manuel Neuer','GK','1986-03-27',30,'Bayern');
insert into jugadores values (160170,1208,2,'Shkodran Mustafi','DF','1992-04-17',24,'Valencia');
insert into jugadores values (160166,1208,3,'Jonas Hector','DF','1990-05-27',26,'Koln');
insert into jugadores values (160167,1208,4,'Benedikt Howedes','DF','1988-02-29',28,'Schalke');
insert into jugadores values (160168,1208,5,'Mats Hummels','DF','1988-12-16',27,'Dortmund');
insert into jugadores values (160175,1208,6,'Sami Khedira','MF','1987-04-04',29,'Juventus');
insert into jugadores values (160180,1208,7,'Bastian Schweinsteiger','MF','1984-08-01',31,'Man. United');
insert into jugadores values (160177,1208,8,'Mesut ozil','MF','1988-10-15',27,'Arsenal');
insert into jugadores values (160179,1208,9,'Andre Schurrle','MF','1990-11-06',25,'Wolfsburg');
insert into jugadores values (160184,1208,10,'Lukas Podolski','FD','1985-06-04',31,'Galatasaray');
insert into jugadores values (160173,1208,11,'Julian Draxler','MF','1993-09-20',22,'Wolfsburg');
insert into jugadores values (160162,1208,12,'Bernd Leno','GK','1992-03-04',24,'Leverkusen');
insert into jugadores values (160183,1208,13,'Thomas Muller','FD','1989-09-13',26,'Bayern');
insert into jugadores values (160172,1208,14,'Emre Can','MF','1994-01-12',22,'Liverpool');
insert into jugadores values (160181,1208,15,'Julian Weigl','MF','1995-09-08',20,'Dortmund');
insert into jugadores values (160171,1208,16,'Jonathan Tah','DF','1996-02-11',20,'Leverkusen');
insert into jugadores values (160165,1208,17,'Jerome Boateng','DF','1988-09-03',27,'Bayern');
insert into jugadores values (160176,1208,18,'Toni Kroos','MF','1990-01-04',26,'Real Madrid');
insert into jugadores values (160174,1208,19,'Mario Gotze','MF','1992-06-03',24,'Bayern');
insert into jugadores values (160178,1208,20,'Leroy Sane','MF','1996-01-11',20,'Schalke');
insert into jugadores values (160169,1208,21,'Joshua Kimmich','DF','1995-02-08',21,'Bayern');
insert into jugadores values (160164,1208,22,'Marc-Andre ter Stegen','GK','1992-04-30',24,'Barcelona');
insert into jugadores values (160182,1208,23,'Mario Gomez','FD','1985-07-10',30,'Besiktas');
insert into jugadores values (160187,1209,1,'Gabor Kiraly','GK','1976-04-01',40,'Haladas');
insert into jugadores values (160194,1209,2,'Adam Lang','DF','1993-01-17',23,'Videoton');
insert into jugadores values (160193,1209,3,'Mihaly Korhut','DF','1988-12-01',27,'Debrecen');
insert into jugadores values (160192,1209,4,'Tamas Kadar','DF','1990-03-14',26,'Lech');
insert into jugadores values (160189,1209,5,'Attila Fiola','DF','1990-02-17',26,'Puskas Akademia');
insert into jugadores values (160196,1209,6,'Akos Elek','MF','1988-07-21',27,'Diosgyor');
insert into jugadores values (160202,1209,7,'Balazs Dzsudzsak','FD','1986-12-23',29,'Bursaspor');
insert into jugadores values (160199,1209,8,'Adam Nagy','MF','1995-06-17',21,'Ferencvaros');
insert into jugadores values (160207,1209,9,'Adam Szalai','FD','1987-12-09',28,'Hannover');
insert into jugadores values (160203,1209,10,'Zoltan Gera','FD','1979-04-22',37,'Ferencvaros');
insert into jugadores values (160204,1209,11,'Krisztian Nemeth','FD','1989-01-05',27,'Al-Gharafa');
insert into jugadores values (160185,1209,12,'Denes Dibusz','GK','1990-11-16',25,'Ferencvaros');
insert into jugadores values (160201,1209,13,'Daniel Bode','FD','1986-10-24',29,'Ferencvaros');
insert into jugadores values (160198,1209,14,'Gergo Lovrencsics','MF','1988-09-01',27,'Lech');
insert into jugadores values (160197,1209,15,'Laszlo Kleinheisler','MF','1994-04-08',22,'Bremen');
insert into jugadores values (160195,1209,16,'adam Pinter','DF','1988-06-12',28,'Ferencvaros');
insert into jugadores values (160205,1209,17,'Nemanja Nikolic','FD','1987-12-31',28,'Legia');
insert into jugadores values (160200,1209,18,'Zoltan Stieber','MF','1988-10-16',27,'Nurnberg');
insert into jugadores values (160206,1209,19,'Tamas Priskin','FD','1986-09-27',29,'Slovan Bratislava');
insert into jugadores values (160190,1209,20,'Richard Guzmics','DF','1987-04-16',29,'Wisla');
insert into jugadores values (160188,1209,21,'Barnabas Bese','DF','1994-05-06',22,'MTK');
insert into jugadores values (160186,1209,22,'Peter Gulacsi','GK','1990-05-06',26,'Leipzig');
insert into jugadores values (160191,1209,23,'Roland Juhasz','DF','1983-07-01',32,'Videoton');
insert into jugadores values (160208,1210,1,'Hannes Halldorsson','GK','1984-04-27',32,'Bodo/Glimt');
insert into jugadores values (160216,1210,2,'Birkir Saevarsson','DF','1984-11-11',31,'Hammarby');
insert into jugadores values (160212,1210,3,'Haukur Heidar Hauksson','DF','1991-09-01',24,'AIK');
insert into jugadores values (160213,1210,4,'Hjortur Hermannsson','DF','1995-02-08',21,'Goteborg');
insert into jugadores values (160214,1210,5,'Sverrir Ingason','DF','1993-08-05',22,'Lokeren');
insert into jugadores values (160217,1210,6,'Ragnar Sigurdsson','DF','1986-06-19',29,'Krasnodar');
insert into jugadores values (160229,1210,7,'Johann Gudmundsson','FD','1990-10-27',25,'Charlton');
insert into jugadores values (160221,1210,8,'Birkir Bjarnason','MF','1988-05-27',28,'Basel');
insert into jugadores values (160230,1210,9,'Kolbeinn Sigthorsson','FD','1990-03-14',26,'Nantes');
insert into jugadores values (160224,1210,10,'Gylfi Sigurdsson','MF','1989-09-08',26,'Swansea');
insert into jugadores values (160227,1210,11,'Alfred Finnbogason','FD','1989-02-01',27,'Augsburg');
insert into jugadores values (160210,1210,12,'Ogmundur Kristinsson','GK','1989-06-19',26,'Hammarby');
insert into jugadores values (160209,1210,13,'Ingvar Jonsson','GK','1989-10-18',26,'Sandefjord');
insert into jugadores values (160220,1210,14,'Kari Arnason','MF','1982-10-13',33,'Malmo');
insert into jugadores values (160226,1210,15,'Jon Dadi Bodvarsson','FD','1992-05-25',24,'Kaiserslautern');
insert into jugadores values (160225,1210,16,'Runar Mar Sigurjonsson','MF','1990-06-18',26,'Sundsvall');
insert into jugadores values (160222,1210,17,'Aron Gunnarsson','MF','1989-04-22',27,'Cardiff');
insert into jugadores values (160211,1210,18,'Elmar Bjarnason','DF','1987-03-04',29,'AGF');
insert into jugadores values (160215,1210,19,'Hordur Magnusson','DF','1993-02-11',23,'Cesena');
insert into jugadores values (160223,1210,20,'Emil Hallfredsson','MF','1984-06-29',31,'Udinese');
insert into jugadores values (160219,1210,21,'Arnor Ingvi Traustason','DF','1993-04-30',23,'Norrkoping');
insert into jugadores values (160228,1210,22,'Eidur Gudjohnsen','FD','1978-09-15',37,'Molde');
insert into jugadores values (160218,1210,23,'Ari Skulason','DF','1987-05-14',29,'OB');
insert into jugadores values (160231,1211,1,'Gianluigi Buffon','GK','1978-01-28',38,'Juventus');
insert into jugadores values (160238,1211,2,'Mattia De Sciglio','DF','1992-10-20',23,'Milan');
insert into jugadores values (160236,1211,3,'Giorgio Chiellini','DF','1984-08-14',31,'Juventus');
insert into jugadores values (160237,1211,4,'Matteo Darmian','DF','1989-12-02',26,'Man. United');
insert into jugadores values (160239,1211,5,'Angelo Ogbonna','DF','1988-05-23',28,'West Ham');
insert into jugadores values (160241,1211,6,'Antonio Candreva','MF','1987-02-28',29,'Lazio');
insert into jugadores values (160253,1211,7,'Simone Zaza','FD','1991-06-25',24,'Juventus');
insert into jugadores values (160243,1211,8,'Alessandro Florenzi','MF','1991-03-11',25,'Roma');
insert into jugadores values (160252,1211,9,'Graziano Pelle','FD','1985-07-15',30,'Southampton');
insert into jugadores values (160245,1211,10,'Thiago Motta','MF','1982-08-28',33,'Paris');
insert into jugadores values (160250,1211,11,'Ciro Immobile','FD','1990-02-20',26,'Torino');
insert into jugadores values (160233,1211,12,'Salvatore Sirigu','GK','1987-01-12',29,'Paris');
insert into jugadores values (160232,1211,13,'Federico Marchetti','GK','1983-02-07',33,'Lazio');
insert into jugadores values (160247,1211,14,'Stefano Sturaro','MF','1993-03-09',23,'Juventus');
insert into jugadores values (160234,1211,15,'Andrea Barzagli','DF','1981-05-08',35,'Juventus');
insert into jugadores values (160242,1211,16,'Daniele De Rossi','MF','1983-07-24',32,'Roma');
insert into jugadores values (160248,1211,17,'Eder','FD','1986-11-15',29,'Internazionale');
insert into jugadores values (160246,1211,18,'Marco Parolo','MF','1985-01-25',31,'Lazio');
insert into jugadores values (160235,1211,19,'Leonardo Bonucci','DF','1987-05-01',29,'Juventus');
insert into jugadores values (160251,1211,20,'Lorenzo Insigne','FD','1991-06-04',25,'Napoli');
insert into jugadores values (160240,1211,21,'Federico Bernardeschi','MF','1994-02-16',22,'Fiorentina');
insert into jugadores values (160249,1211,22,'Stephan El Shaarawy','FD','1992-10-27',23,'Roma');
insert into jugadores values (160244,1211,23,'Emanuele Giaccherini','MF','1985-05-05',31,'Bologna');
insert into jugadores values (160256,1212,1,'Michael McGovern','GK','1984-07-12',31,'Hamilton');
insert into jugadores values (160264,1212,2,'Conor McLaughlin','DF','1991-07-26',24,'Fleetwood');
insert into jugadores values (160269,1212,3,'Shane Ferguson','MF','1991-07-12',24,'Millwall');
insert into jugadores values (160262,1212,4,'Gareth McAuley','DF','1979-12-05',36,'West Brom');
insert into jugadores values (160259,1212,5,'Jonny Evans','DF','1988-01-03',28,'West Brom');
insert into jugadores values (160257,1212,6,'Chris Baird','DF','1982-02-25',34,'Fulham');
insert into jugadores values (160275,1212,7,'Niall McGinn','FD','1987-07-20',28,'Aberdeen');
insert into jugadores values (160267,1212,8,'Steven Davis','MF','1985-01-01',31,'Southampton');
insert into jugadores values (160273,1212,9,'Will Grigg','FD','1991-07-03',24,'Wigan');
insert into jugadores values (160274,1212,10,'Kyle Lafferty','FD','1987-09-16',28,'Birmingham');
insert into jugadores values (160276,1212,11,'Conor Washington','FD','1992-05-18',24,'QPR');
insert into jugadores values (160254,1212,12,'Roy Carroll','GK','1977-09-30',38,'Notts County');
insert into jugadores values (160268,1212,13,'Corry Evans','MF','1990-07-30',25,'Blackburn');
insert into jugadores values (160266,1212,14,'Stuart Dallas','MF','1991-04-19',25,'Leeds');
insert into jugadores values (160263,1212,15,'Luke McCullough','DF','1994-02-15',22,'Doncaster');
insert into jugadores values (160271,1212,16,'Oliver Norwood','MF','1991-04-12',25,'Reading');
insert into jugadores values (160265,1212,17,'Paddy McNair','DF','1995-04-27',21,'Man. United');
insert into jugadores values (160261,1212,18,'Aaron Hughes','DF','1979-11-08',36,'Melbourne City');
insert into jugadores values (160272,1212,19,'Jamie Ward','MF','1986-05-12',30,'Nottm Forest');
insert into jugadores values (160258,1212,20,'Craig Cathcart','DF','1989-02-06',27,'Watford');
insert into jugadores values (160270,1212,21,'Josh Magennis','MF','1990-08-15',25,'Kilmarnock');
insert into jugadores values (160260,1212,22,'Lee Hodson','DF','1991-10-02',24,'MK Dons');
insert into jugadores values (160255,1212,23,'Alan Mannus','GK','1982-05-19',34,'St Johnstone');
insert into jugadores values (160279,1213,1,'Wojciech Szczesny','GK','1990-04-18',26,'Roma');
insert into jugadores values (160283,1213,2,'Michal Pazdan','DF','1987-09-21',28,'Legia');
insert into jugadores values (160282,1213,3,'Artur Jedrzejczyk','DF','1987-11-04',28,'Legia');
insert into jugadores values (160280,1213,4,'Thiago Cionek','DF','1986-04-21',30,'Palermo');
insert into jugadores values (160293,1213,5,'Krzysztof Maczynski','MF','1987-05-23',29,'Wisla');
insert into jugadores values (160289,1213,6,'Tomasz Jodlowiec','MF','1985-09-08',30,'Legia');
insert into jugadores values (160298,1213,7,'Arkadiusz Milik','FD','1994-02-28',22,'Ajax');
insert into jugadores values (160292,1213,8,'Karol Linetty','MF','1995-02-02',21,'Lech');
insert into jugadores values (160297,1213,9,'Robert Lewandowski','FD','1988-08-21',27,'Bayern');
insert into jugadores values (160291,1213,10,'Grzegorz Krychowiak','MF','1990-01-29',26,'Sevilla');
insert into jugadores values (160288,1213,11,'Kamil Grosicki','MF','1988-06-08',28,'Rennes');
insert into jugadores values (160277,1213,12,'Artur Boruc','GK','1980-02-20',36,'Bournemouth');
insert into jugadores values (160299,1213,13,'Mariusz Stepinski','FD','1995-05-12',21,'Ruch');
insert into jugadores values (160286,1213,14,'Jakub Wawrzyniak','DF','1983-07-07',32,'Lechia');
insert into jugadores values (160281,1213,15,'Kamil Glik','DF','1988-02-03',28,'Torino');
insert into jugadores values (160287,1213,16,'Jakub Blaszczykowski','MF','1985-12-14',30,'Fiorentina');
insert into jugadores values (160294,1213,17,'Slawomir Peszko','MF','1985-02-19',31,'Lechia');
insert into jugadores values (160285,1213,18,'Bartosz Salamon','DF','1991-05-01',25,'Cagliari');
insert into jugadores values (160296,1213,19,'Piotr Zielinski','MF','1994-05-20',22,'Empoli');
insert into jugadores values (160284,1213,20,'Lukasz Piszczek','DF','1985-06-03',31,'Dortmund');
insert into jugadores values (160290,1213,21,'Bartosz Kapustka','MF','1996-12-23',19,null);
insert into jugadores values (160278,1213,22,'Lukasz Fabianski','GK','1985-04-18',31,'Swansea');
insert into jugadores values (160295,1213,23,'Filip Starzynski','MF','1991-05-27',25,'Zaglebie');
insert into jugadores values (160302,1214,1,'Rui Patricio','GK','1988-02-15',28,'Sporting CP');
insert into jugadores values (160303,1214,2,'Bruno Alves','DF','1981-11-27',34,'Fenerbahce');
insert into jugadores values (160307,1214,3,'Pepe','DF','1983-02-26',33,'Real Madrid');
insert into jugadores values (160306,1214,4,'Jose Fonte','DF','1983-12-22',32,'Southampton');
insert into jugadores values (160308,1214,5,'Raphael Guerreiro','DF','1993-12-22',22,'Lorient');
insert into jugadores values (160309,1214,6,'Ricardo Carvalho','DF','1978-05-18',38,'Monaco');
insert into jugadores values (160322,1214,7,'Cristiano Ronaldo','FD','1985-02-05',31,'Real Madrid');
insert into jugadores values (160314,1214,8,'Joao Moutinho','MF','1986-09-08',29,'Monaco');
insert into jugadores values (160319,1214,9,'Eder','FD','1987-12-22',28,'LOSC');
insert into jugadores values (160313,1214,10,'Joao Mario','MF','1993-01-19',23,'Sporting CP');
insert into jugadores values (160317,1214,11,'Vieirinha','MF','1986-01-24',30,'Wolfsburg');
insert into jugadores values (160301,1214,12,'Anthony Lopes','GK','1990-10-01',25,'Lyon');
insert into jugadores values (160312,1214,13,'Danilo','MF','1991-09-09',24,'Porto');
insert into jugadores values (160318,1214,14,'William Carvalho','MF','1992-04-07',24,'Sporting CP');
insert into jugadores values (160311,1214,15,'Andre Gomes','MF','1993-07-30',22,'Valencia');
insert into jugadores values (160316,1214,16,'Renato Sanches','MF','1997-08-18',18,'Benfica');
insert into jugadores values (160320,1214,17,'Nani','FD','1986-11-17',29,'Fenerbahce');
insert into jugadores values (160315,1214,18,'Rafa Silva','MF','1993-05-17',23,'Braga');
insert into jugadores values (160305,1214,19,'Eliseu','DF','1983-10-01',32,'Benfica');
insert into jugadores values (160321,1214,20,'Ricardo Quaresma','FD','1983-09-26',32,'Besiktas');
insert into jugadores values (160304,1214,21,'Cedric','DF','1991-08-31',24,'Southampton');
insert into jugadores values (160300,1214,22,'Eduardo','GK','1982-09-19',33,'Dinamo Zagreb');
insert into jugadores values (160310,1214,23,'Adrien Silva','MF','1989-03-15',27,'Sporting CP');
insert into jugadores values (160325,1215,1,'Keiren Westwood','GK','1984-10-23',31,'Sheff. Wednesday');
insert into jugadores values (160328,1215,2,'Seamus Coleman','DF','1988-10-11',27,'Everton');
insert into jugadores values (160327,1215,3,'Ciaran Clark','DF','1989-09-26',26,'Aston Villa');
insert into jugadores values (160331,1215,4,'John OShea','DF','1981-04-30',35,'Sunderland');
insert into jugadores values (160330,1215,5,'Richard Keogh','DF','1986-08-11',29,'Derby');
insert into jugadores values (160341,1215,6,'Glenn Whelan','MF','1984-01-13',32,'Stoke');
insert into jugadores values (160338,1215,7,'Aiden McGeady','MF','1986-04-04',30,'Sheff. Wednesday');
insert into jugadores values (160336,1215,8,'James McCarthy','MF','1990-11-12',25,'Everton');
insert into jugadores values (160343,1215,9,'Shane Long','FD','1987-01-22',29,'Southampton');
insert into jugadores values (160342,1215,10,'Robbie Keane','FD','1980-07-08',35,'LA Galaxy');
insert into jugadores values (160337,1215,11,'James McClean','MF','1989-04-22',27,'West Brom');
insert into jugadores values (160329,1215,12,'Shane Duffy','DF','1992-01-01',24,'Blackburn');
insert into jugadores values (160334,1215,13,'Jeff Hendrick','MF','1992-01-31',24,'Derby');
insert into jugadores values (160345,1215,14,'Jon Walters','FD','1983-09-20',32,'Stoke');
insert into jugadores values (160326,1215,15,'Cyrus Christie','DF','1992-09-30',23,'Derby');
insert into jugadores values (160323,1215,16,'Shay Given','GK','1976-04-20',40,'Stoke');
insert into jugadores values (160332,1215,17,'Stephen Ward','DF','1985-08-20',30,'Burnley');
insert into jugadores values (160339,1215,18,'David Meyler','MF','1989-05-29',27,'Hull');
insert into jugadores values (160333,1215,19,'Robbie Brady','MF','1992-01-14',24,'Norwich');
insert into jugadores values (160335,1215,20,'Wes Hoolahan','MF','1982-05-20',34,'Norwich');
insert into jugadores values (160344,1215,21,'Daryl Murphy','FD','1983-03-15',33,'Ipswich');
insert into jugadores values (160340,1215,22,'Stephen Quinn','MF','1986-04-01',30,'Reading');
insert into jugadores values (160324,1215,23,'Darren Randolph','GK','1987-05-12',29,'West Ham');
insert into jugadores values (160347,1216,1,'Costel Pantilimon','GK','1987-02-01',29,'Watford');
insert into jugadores values (160353,1216,2,'Alexandru Matel','DF','1989-10-17',26,'Dinamo Zagreb');
insert into jugadores values (160355,1216,3,'Razvan Rat','DF','1981-05-26',35,'Rayo Vallecano');
insert into jugadores values (160354,1216,4,'Cosmin Moti','DF','1984-12-03',31,'Ludogorets');
insert into jugadores values (160358,1216,5,'Ovidiu Hoban','MF','1982-12-27',33,'H. Beer-Sheva');
insert into jugadores values (160349,1216,6,'Vlad Chiriches','DF','1989-11-14',26,'Napoli');
insert into jugadores values (160357,1216,7,'Alexandru Chipciu','MF','1989-05-18',27,'Steaua');
insert into jugadores values (160359,1216,8,'Mihai Pintilii','MF','1984-11-09',31,'Steaua');
insert into jugadores values (160365,1216,9,'Denis Alibec','FD','1991-01-05',25,'Astra');
insert into jugadores values (160363,1216,10,'Nicolae Stanciu','MF','1993-05-07',23,'Steaua');
insert into jugadores values (160364,1216,11,'Gabriel Torje','MF','1989-11-22',26,'Osmanlispor');
insert into jugadores values (160348,1216,12,'Ciprian Tatarusanu','GK','1986-02-09',30,'Fiorentina');
insert into jugadores values (160367,1216,13,'Claudiu Keeru','FD','1986-12-02',29,'Ludogorets');
insert into jugadores values (160366,1216,14,'Florin Andone','FD','1993-04-11',23,'Cordoba');
insert into jugadores values (160351,1216,15,'Valerica Gaman','DF','1989-02-25',27,'Astra');
insert into jugadores values (160350,1216,16,'Steliano Filip','DF','1994-05-15',22,'Dinamo Bucuresti');
insert into jugadores values (160362,1216,17,'Lucian Sanmartean','MF','1980-03-13',36,'Al-Ittihad');
insert into jugadores values (160361,1216,18,'Andrei Prepelita','MF','1985-12-08',30,'Ludogorets');
insert into jugadores values (160368,1216,19,'Bogdan Stancu','FD','1987-06-28',28,'Genclerbirligi');
insert into jugadores values (160360,1216,20,'Adrian Popa','MF','1988-07-24',27,'Steaua');
insert into jugadores values (160352,1216,21,'Dragos Grigore','DF','1986-09-07',29,'Al-Sailiya');
insert into jugadores values (160356,1216,22,'Cristian Sapunaru','DF','1984-04-05',32,'Pandurii');
insert into jugadores values (160346,1216,23,'Silviu Lung','GK','1989-06-04',27,'Astra');
insert into jugadores values (160369,1217,1,'Igor Akinfeev','GK','1986-04-08',30,'CSKA Moskva');
insert into jugadores values (160378,1217,2,'Roman Shishkin','DF','1987-01-27',29,'Lokomotiv Moskva');
insert into jugadores values (160379,1217,3,'Igor Smolnikov','DF','1988-08-08',27,'Zenit');
insert into jugadores values (160374,1217,4,'Sergei Ignashevich','DF','1979-07-14',36,'CSKA Moskva');
insert into jugadores values (160376,1217,5,'Roman Neustadter','DF','1988-02-18',28,'Schalke');
insert into jugadores values (160372,1217,6,'Aleksei Berezutski','DF','1982-06-20',33,'CSKA Moskva');
insert into jugadores values (160388,1217,7,'Artur Yusupov','MF','1989-09-01',26,'Zenit');
insert into jugadores values (160380,1217,8,'Denis Glushakov','MF','1987-01-27',29,'Spartak Moskva');
insert into jugadores values (160390,1217,9,'Aleksandr Kokorin','FD','1991-03-19',25,'Zenit');
insert into jugadores values (160391,1217,10,'Fedor Smolov','FD','1990-02-09',26,'Krasnodar');
insert into jugadores values (160383,1217,11,'Pavel Mamaev','MF','1988-09-17',27,'Krasnodar');
insert into jugadores values (160371,1217,12,'Yuri Lodygin','GK','1990-05-26',26,'Zenit');
insert into jugadores values (160381,1217,13,'Aleksandr Golovin','MF','1996-05-30',20,'CSKA Moskva');
insert into jugadores values (160373,1217,14,'Vasili Berezutski','DF','1982-06-20',33,'CSKA Moskva');
insert into jugadores values (160386,1217,15,'Roman Shirokov','MF','1981-07-06',34,'CSKA Moskva');
insert into jugadores values (160370,1217,16,'Guilherme','GK','1985-12-12',30,'Lokomotiv Moskva');
insert into jugadores values (160385,1217,17,'Oleg Shatov','MF','1990-07-29',25,'Zenit');
insert into jugadores values (160382,1217,18,'Oleg Ivanov','MF','1986-08-04',29,'Terek');
insert into jugadores values (160384,1217,19,'Aleksandr Samedov','MF','1984-07-19',31,'Lokomotiv Moskva');
insert into jugadores values (160387,1217,20,'Dmitri Torbinski','MF','1984-04-28',32,'Krasnodar');
insert into jugadores values (160377,1217,21,'Georgi Schennikov','DF','1991-04-27',25,'CSKA Moskva');
insert into jugadores values (160389,1217,22,'Artem Dzyuba','FD','1988-08-22',27,'Zenit');
insert into jugadores values (160375,1217,23,'Dmitri Kombarov','DF','1987-01-22',29,'Spartak Moskva');
insert into jugadores values (160393,1218,1,'Jan Mucha','GK','1982-12-05',33,'Slovan Bratislava');
insert into jugadores values (160398,1218,2,'Peter Pekarik','DF','1986-10-30',29,'Hertha');
insert into jugadores values (160401,1218,3,'Martin Skrtel','DF','1984-12-15',31,'Liverpool');
insert into jugadores values (160395,1218,4,'Jan Durica','DF','1981-12-10',34,'Lokomotiv Moskva');
insert into jugadores values (160396,1218,5,'Norbert Gyomber','DF','1992-07-03',23,'Roma');
insert into jugadores values (160404,1218,6,'Jan Gregus','MF','1991-01-29',25,'Jablonec');
insert into jugadores values (160411,1218,7,'Vladimir Weiss','MF','1989-11-30',26,'Al-Gharafa');
insert into jugadores values (160403,1218,8,'Ondrej Duda','MF','1994-12-05',21,'Legia');
insert into jugadores values (160414,1218,9,'Stanislav Sestak','FD','1982-12-16',33,'Ferencvaros');
insert into jugadores values (160410,1218,10,'Miroslav Stoch','MF','1989-10-19',26,'Bursaspor');
insert into jugadores values (160413,1218,11,'Adam Nemec','FD','1985-09-02',30,'Willem II');
insert into jugadores values (160394,1218,12,'Jan Novota','GK','1983-11-29',32,'Rapid Wien');
insert into jugadores values (160406,1218,13,'Patrik HroSovsky','MF','1992-04-22',24,'Plzen');
insert into jugadores values (160400,1218,14,'Milan Skriniar','DF','1995-02-11',21,'Sampdoria');
insert into jugadores values (160397,1218,15,'TomasHubocan','DF','1985-09-17',30,'Dinamo Moskva');
insert into jugadores values (160399,1218,16,'Kornel Salata','DF','1985-01-24',31,'Slovan Bratislava');
insert into jugadores values (160405,1218,17,'Marek Hamsik','MF','1987-07-27',28,'Napoli');
insert into jugadores values (160402,1218,18,'Dusan Svento','DF','1985-08-01',30,'Koln');
insert into jugadores values (160407,1218,19,'Juraj Kucka','MF','1987-02-26',29,'Milan');
insert into jugadores values (160408,1218,20,'Robert Mak','MF','1991-03-08',25,'PAOK');
insert into jugadores values (160412,1218,21,'Michal Duris','FD','1988-06-01',28,'Plzen');
insert into jugadores values (160409,1218,22,'Viktor Pecovsky','MF','1983-05-24',33,'zilina');
insert into jugadores values (160392,1218,23,'MatusKozacik','GK','1983-12-27',32,'Plzen');
insert into jugadores values (160415,1219,1,'Lker Casillas','GK','1981-05-20',35,'Porto');
insert into jugadores values (160418,1219,2,'Cesar Azpilicueta','DF','1989-08-28',26,'Chelsea');
insert into jugadores values (160423,1219,3,'Gerard Pique','DF','1987-02-02',29,'Barcelona');
insert into jugadores values (160419,1219,4,'Marc Bartra','DF','1991-01-15',25,'Barcelona');
insert into jugadores values (160427,1219,5,'Sergio Busquets','MF','1988-07-16',27,'Barcelona');
insert into jugadores values (160429,1219,6,'Andres Iniesta','MF','1984-05-11',32,'Barcelona');
insert into jugadores values (160435,1219,7,'Alvaro Morata','FD','1992-10-23',23,'Juventus');
insert into jugadores values (160430,1219,8,'Koke','MF','1992-01-08',24,'Atletico');
insert into jugadores values (160434,1219,9,'Lucas Vazquez','FD','1991-07-01',24,'Real Madrid');
insert into jugadores values (160428,1219,10,'Cesc Fabregas','MF','1987-05-04',29,'Chelsea');
insert into jugadores values (160437,1219,11,'Pedro Rodriguez','FD','1987-07-28',28,'Chelsea');
insert into jugadores values (160420,1219,12,'Hector Bellerin','DF','1995-03-19',21,'Arsenal');
insert into jugadores values (160416,1219,13,'David de Gea','GK','1990-11-07',25,'Man. United');
insert into jugadores values (160432,1219,14,'Thiago Alcantara','MF','1991-04-11',25,'Bayern');
insert into jugadores values (160424,1219,15,'Sergio Ramos','DF','1986-03-30',30,'Real Madrid');
insert into jugadores values (160422,1219,16,'Juanfran','DF','1985-01-09',31,'Atletico');
insert into jugadores values (160425,1219,17,'Mikel San Jose','DF','1989-05-30',27,'Athletic');
insert into jugadores values (160421,1219,18,'Jordi Alba','DF','1989-03-21',27,'Barcelona');
insert into jugadores values (160426,1219,19,'Bruno Soriano','MF','1984-06-12',32,'Villarreal');
insert into jugadores values (160433,1219,20,'Aritz Aduriz','FD','1981-02-11',35,'Athletic');
insert into jugadores values (160431,1219,21,'David Silva','MF','1986-01-08',30,'Man. City');
insert into jugadores values (160436,1219,22,'Nolito','FD','1986-10-15',29,'Celta');
insert into jugadores values (160417,1219,23,'Sergio Rico','GK','1993-09-01',22,'Sevilla');
insert into jugadores values (160439,1220,1,'Andreas Isaksson','GK','1981-10-03',34,'Kasimpasa');
insert into jugadores values (160446,1220,2,'Mikael Lustig','DF','1986-12-13',29,'Celtic');
insert into jugadores values (160444,1220,3,'Erik Johansson','DF','1988-12-30',27,'Kobenhavn');
insert into jugadores values (160442,1220,4,'Andreas Granqvist','DF','1985-04-16',31,'Krasnodar');
insert into jugadores values (160447,1220,5,'Martin Olsson','DF','1988-05-17',28,'Norwich');
insert into jugadores values (160451,1220,6,'Emil Forsberg','MF','1991-10-23',24,'Leipzig');
insert into jugadores values (160454,1220,7,'Sebastian Larsson','MF','1985-06-06',31,'Sunderland');
insert into jugadores values (160449,1220,8,'Albin Ekdal','MF','1989-07-28',26,'Hamburg');
insert into jugadores values (160453,1220,9,'Kim Kallstrom','MF','1982-08-24',33,'Grasshoppers');
insert into jugadores values (160459,1220,10,'Zlatan Ibrahimovic','FD','1981-10-03',34,'Paris');
insert into jugadores values (160457,1220,11,'Marcus Berg','FD','1986-08-17',29,'Panathinaikos');
insert into jugadores values (160440,1220,12,'Robin Olsen','GK','1990-01-08',26,'Kobenhavn');
insert into jugadores values (160443,1220,13,'Pontus Jansson','DF','1991-02-13',25,'Torino');
insert into jugadores values (160445,1220,14,'Victor Lindelof','DF','1994-07-17',21,'Benfica');
insert into jugadores values (160452,1220,15,'Oscar Hiljemark','MF','1992-06-28',23,'Palermo');
insert into jugadores values (160456,1220,16,'Pontus Wernbloom','MF','1986-06-25',29,'CSKA Moskva');
insert into jugadores values (160441,1220,17,'Ludwig Augustinsson','DF','1994-04-21',22,'Kobenhavn');
insert into jugadores values (160455,1220,18,'Oscar Lewicki','MF','1992-07-14',23,'Malmo');
insert into jugadores values (160460,1220,19,'Emir Kujovic','FD','1988-06-22',27,'Norrkoping');
insert into jugadores values (160458,1220,20,'John Guidetti','FD','1992-04-15',24,'Celta');
insert into jugadores values (160448,1220,21,'Jimmy Durmaz','MF','1989-03-22',27,'Olympiacos');
insert into jugadores values (160450,1220,22,'Erkan Zengin','MF','1985-08-05',30,'Trabzonspor');
insert into jugadores values (160438,1220,23,'Patrik Carlgren','GK','1992-01-08',24,'AIK');
insert into jugadores values (160463,1221,1,'Yann Sommer','GK','1988-12-17',27,'Monchengladbach');
insert into jugadores values (160467,1221,2,'Stephan Lichtsteiner','DF','1984-01-16',32,'Juventus');
insert into jugadores values (160468,1221,3,'Francois Moubandje','DF','1990-06-21',25,'Toulouse');
insert into jugadores values (160465,1221,4,'Nico Elvedi','DF','1996-09-30',19,'Monchengladbach');
insert into jugadores values (160471,1221,5,'Steve von Bergen','DF','1983-06-10',33,'Young Boys');
insert into jugadores values (160466,1221,6,'Michael Lang','DF','1991-02-08',25,'Basel');
insert into jugadores values (160480,1221,7,'Breel Embolo','FD','1997-02-14',19,'Basel');
insert into jugadores values (160475,1221,8,'Fabian Frei','MF','1989-01-08',27,'Mainz');
insert into jugadores values (160482,1221,9,'Haris Seferovic','FD','1992-02-22',24,'Frankfurt');
insert into jugadores values (160477,1221,10,'Granit Xhaka','MF','1992-09-27',23,'Monchengladbach');
insert into jugadores values (160472,1221,11,'Valon Behrami','MF','1985-04-19',31,'Watford');
insert into jugadores values (160462,1221,12,'Marwin Hitz','GK','1987-09-18',28,'Augsburg');
insert into jugadores values (160469,1221,13,'Ricardo Rodriguez','DF','1992-08-25',23,'Wolfsburg');
insert into jugadores values (160478,1221,14,'Denis Zakaria','MF','1996-11-20',19,'Young Boys');
insert into jugadores values (160473,1221,15,'Blerim Dzemaili','MF','1986-04-12',30,'Genoa');
insert into jugadores values (160474,1221,16,'Gelson Fernandes','MF','1986-09-02',29,'Rennes');
insert into jugadores values (160483,1221,17,'Shani Tarashaj','FD','1995-02-07',21,'Grasshoppers');
insert into jugadores values (160481,1221,18,'Admir Mehmedi','FD','1991-03-16',25,'Leverkusen');
insert into jugadores values (160479,1221,19,'Eren Derdiyok','FD','1988-06-12',28,'Kasimpasa');
insert into jugadores values (160464,1221,20,'Johan Djourou','DF','1987-01-18',29,'Hamburg');
insert into jugadores values (160461,1221,21,'Roman Burki','GK','1990-11-14',25,'Dortmund');
insert into jugadores values (160470,1221,22,'Fabian Schar','DF','1991-12-20',24,'Hoffenheim');
insert into jugadores values (160476,1221,23,'Xherdan Shaqiri','MF','1991-10-10',24,'Stoke');
insert into jugadores values (160486,1222,1,'Volkan Babacan','GK','1988-08-11',27,'Istanbul Basaksehir');
insert into jugadores values (160492,1222,2,'Semih Kaya','DF','1991-02-24',25,'Galatasaray');
insert into jugadores values (160490,1222,3,'Hakan Balta','DF','1983-03-23',33,'Galatasaray');
insert into jugadores values (160487,1222,4,'Ahmet Calik','DF','1994-02-26',22,'Genclerbirligi');
insert into jugadores values (160497,1222,5,'Nuri Sahin','MF','1988-09-05',27,'Dortmund');
insert into jugadores values (160495,1222,6,'Hakan Calhanoglu','MF','1994-02-08',22,'Leverkusen');
insert into jugadores values (160489,1222,7,'Gokhan Gonul','DF','1985-01-04',31,'Fenerbahce');
insert into jugadores values (160501,1222,8,'Selcuk Inan','MF','1985-02-10',31,'Galatasaray');
insert into jugadores values (160505,1222,9,'Cenk Tosun','FD','1991-06-07',25,'Besiktas');
insert into jugadores values (160494,1222,10,'Arda Turan','MF','1987-01-30',29,'Barcelona');
insert into jugadores values (160499,1222,11,'Olcay Sahan','MF','1987-05-26',29,'Besiktas');
insert into jugadores values (160485,1222,12,'Onur Kivrak','GK','1988-01-01',28,'Trabzonspor');
insert into jugadores values (160491,1222,13,'Ismail Koybasi','DF','1989-07-10',26,'Besiktas');
insert into jugadores values (160498,1222,14,'Oguzhan Ozyakup','MF','1992-09-23',23,'Besiktas');
insert into jugadores values (160496,1222,15,'Mehmet Topal','MF','1986-03-03',30,'Fenerbahce');
insert into jugadores values (160500,1222,16,'Ozan Tufan','MF','1995-03-23',21,'Fenerbahce');
insert into jugadores values (160504,1222,17,'Burak Yilmaz','FD','1985-07-15',30,'Beijing Guoan');
insert into jugadores values (160488,1222,18,'Caner Erkin','DF','1988-10-04',27,'Fenerbahce');
insert into jugadores values (160503,1222,19,'Yunus Malli','MF','1992-02-24',24,'Mainz');
insert into jugadores values (160502,1222,20,'Volkan Sen','MF','1987-07-07',28,'Fenerbahce');
insert into jugadores values (160506,1222,21,'Emre Mor','FD','1997-07-24',18,'Nordsjlland');
insert into jugadores values (160493,1222,22,'Sener Ozbayrakli','DF','1990-01-23',26,'Fenerbahce');
insert into jugadores values (160484,1222,23,'Harun Tekin','GK','1989-06-17',27,'Bursaspor');
insert into jugadores values (160507,1223,1,'Denys Boyko','GK','1988-01-29',28,'Besiktas');
insert into jugadores values (160510,1223,2,'Bohdan Butko','DF','1991-01-13',25,'Amkar');
insert into jugadores values (160512,1223,3,'Yevhen Khacheridi','DF','1987-07-28',28,'Dynamo Kyiv');
insert into jugadores values (160524,1223,4,'Anatoliy Tymoshchuk','MF','1979-03-30',37,'Kairat');
insert into jugadores values (160513,1223,5,'Olexandr Kucher','DF','1982-10-22',33,'Shakhtar Donetsk');
insert into jugadores values (160522,1223,6,'Taras Stepanenko','MF','1989-08-08',26,'Shakhtar Donetsk');
insert into jugadores values (160525,1223,7,'Andriy Yarmolenko','MF','1989-10-23',26,'Dynamo Kyiv');
insert into jugadores values (160529,1223,8,'Roman Zozulya','FD','1989-11-17',26,'Dnipro');
insert into jugadores values (160519,1223,9,'Viktor Kovalenko','MF','1996-02-14',20,'Shakhtar Donetsk');
insert into jugadores values (160518,1223,10,'Yevhen Konoplyanka','MF','1989-09-29',26,'Sevilla');
insert into jugadores values (160528,1223,11,'Yevhen Seleznyov','FD','1985-07-20',30,'Shakhtar Donetsk');
insert into jugadores values (160508,1223,12,'Andriy Pyatov','GK','1984-06-28',31,'Shakhtar Donetsk');
insert into jugadores values (160515,1223,13,'Vyacheslav Shevchuk','DF','1979-05-13',37,'Shakhtar Donetsk');
insert into jugadores values (160520,1223,14,'Ruslan Rotan','MF','1981-10-29',34,'Dnipro');
insert into jugadores values (160527,1223,15,'Pylyp Budkivskiy','FD','1992-03-10',24,'Zorya');
insert into jugadores values (160523,1223,16,'Serhiy Sydorchuk','MF','1991-05-02',25,'Dynamo Kyiv');
insert into jugadores values (160511,1223,17,'Artem Fedetskiy','DF','1985-04-26',31,'Dnipro');
insert into jugadores values (160521,1223,18,'Serhiy Rybalka','MF','1990-04-01',26,'Dynamo Kyiv');
insert into jugadores values (160516,1223,19,'Denys Garmash','MF','1990-04-19',26,'Dynamo Kyiv');
insert into jugadores values (160514,1223,20,'Yaroslav Rakitskiy','DF','1989-08-03',26,'Shakhtar Donetsk');
insert into jugadores values (160526,1223,21,'Olexandr Zinchenko','MF','1996-12-15',19,'Ufa');
insert into jugadores values (160517,1223,22,'Olexandr Karavaev','MF','1992-06-02',24,'Zorya');
insert into jugadores values (160509,1223,23,'Mykyta Shevchenko','GK','1993-01-26',23,'Zorya');
insert into jugadores values (160531,1224,1,'Wayne Hennessey','GK','1987-01-24',29,'Crystal Palace');
insert into jugadores values (160536,1224,2,'Chris Gunter','DF','1989-07-21',26,'Reading');
insert into jugadores values (160538,1224,3,'Neil Taylor','DF','1989-02-07',27,'Swansea');
insert into jugadores values (160535,1224,4,'Ben Davies','DF','1993-04-24',23,'Tottenham');
insert into jugadores values (160533,1224,5,'James Chester','DF','1989-01-23',27,'West Brom');
insert into jugadores values (160539,1224,6,'Ashley Williams','DF','1984-08-23',31,'Swansea');
insert into jugadores values (160540,1224,7,'Joe Allen','MF','1990-03-14',26,'Liverpool');
insert into jugadores values (160542,1224,8,'Andy King','MF','1988-10-29',27,'Leicester');
insert into jugadores values (160550,1224,9,'Hal Robson-Kanu','FD','1989-05-21',27,'Reading');
insert into jugadores values (160544,1224,10,'Aaron Ramsey','MF','1990-12-26',25,'Arsenal');
insert into jugadores values (160547,1224,11,'Gareth Bale','FD','1989-07-16',26,'Real Madrid');
insert into jugadores values (160530,1224,12,'Owain Fon Williams','GK','1987-03-17',29,'Inverness');
insert into jugadores values (160552,1224,13,'George Williams','FD','1995-09-07',20,'Fulham');
insert into jugadores values (160541,1224,14,'David Edwards','MF','1986-02-03',30,'Wolves');
insert into jugadores values (160537,1224,15,'Jazz Richards','DF','1991-04-12',25,'Fulham');
insert into jugadores values (160543,1224,16,'Joe Ledley','MF','1987-01-23',29,'Crystal Palace');
insert into jugadores values (160549,1224,17,'David Cotterill','FD','1987-12-04',28,'Birmingham');
insert into jugadores values (160551,1224,18,'Sam Vokes','FD','1989-10-21',26,'Burnley');
insert into jugadores values (160534,1224,19,'James Collins','DF','1983-08-23',32,'West Ham');
insert into jugadores values (160546,1224,20,'Jonathan Williams','MF','1993-10-09',22,'Crystal Palace');
insert into jugadores values (160532,1224,21,'Danny Ward','GK','1993-06-22',22,'Liverpool');
insert into jugadores values (160545,1224,22,'David Vaughan','MF','1983-02-18',33,'Nottm Forest');
insert into jugadores values (160548,1224,23,'Simon Church','FD','1988-12-10',27,'MK Dons');

CREATE TABLE partidos(
	num_partido int,
	ronda char,
	id_pais int,
	resultado char,
	forma char,
	goles_anotados int,
	penales_anotados int
);

insert into partidos values (1,'G',1207,'W','N',2,null);
insert into partidos values (1,'G',1216,'L','N',1,null);
insert into partidos values (2,'G',1201,'L','N',0,null);
insert into partidos values (2,'G',1221,'W','N',1,null);
insert into partidos values (3,'G',1224,'W','N',2,null);
insert into partidos values (3,'G',1218,'L','N',1,null);
insert into partidos values (4,'G',1206,'D','N',1,null);
insert into partidos values (4,'G',1217,'D','N',1,null);
insert into partidos values (5,'G',1222,'L','N',0,null);
insert into partidos values (5,'G',1204,'W','N',1,null);
insert into partidos values (6,'G',1213,'W','N',1,null);
insert into partidos values (6,'G',1212,'L','N',0,null);
insert into partidos values (7,'G',1208,'W','N',2,null);
insert into partidos values (7,'G',1223,'L','N',0,null);
insert into partidos values (8,'G',1219,'W','N',1,null);
insert into partidos values (8,'G',1205,'L','N',0,null);
insert into partidos values (9,'G',1215,'D','N',1,null);
insert into partidos values (9,'G',1220,'D','N',1,null);
insert into partidos values (10,'G',1203,'L','N',0,null);
insert into partidos values (10,'G',1211,'W','N',2,null);
insert into partidos values (11,'G',1202,'L','N',0,null);
insert into partidos values (11,'G',1209,'W','N',2,null);
insert into partidos values (12,'G',1214,'D','N',1,null);
insert into partidos values (12,'G',1210,'D','N',1,null);
insert into partidos values (13,'G',1217,'L','N',1,null);
insert into partidos values (13,'G',1218,'W','N',2,null);
insert into partidos values (14,'G',1216,'D','N',1,null);
insert into partidos values (14,'G',1221,'D','N',1,null);
insert into partidos values (15,'G',1207,'W','N',2,null);
insert into partidos values (15,'G',1201,'L','N',0,null);
insert into partidos values (16,'G',1206,'W','N',2,null);
insert into partidos values (16,'G',1224,'L','N',1,null);
insert into partidos values (17,'G',1223,'L','N',0,null);
insert into partidos values (17,'G',1212,'W','N',2,null);
insert into partidos values (18,'G',1208,'D','N',0,null);
insert into partidos values (18,'G',1213,'D','N',0,null);
insert into partidos values (19,'G',1211,'W','N',1,null);
insert into partidos values (19,'G',1220,'L','N',0,null);
insert into partidos values (20,'G',1205,'D','N',2,null);
insert into partidos values (20,'G',1204,'D','N',2,null);
insert into partidos values (21,'G',1219,'W','N',3,null);
insert into partidos values (21,'G',1222,'L','N',0,null);
insert into partidos values (22,'G',1203,'W','N',3,null);
insert into partidos values (22,'G',1215,'L','N',0,null);
insert into partidos values (23,'G',1210,'D','N',1,null);
insert into partidos values (23,'G',1209,'D','N',1,null);
insert into partidos values (24,'G',1214,'D','N',0,null);
insert into partidos values (24,'G',1202,'D','N',0,null);
insert into partidos values (25,'G',1216,'L','N',0,null);
insert into partidos values (25,'G',1201,'W','N',1,null);
insert into partidos values (26,'G',1221,'D','N',0,null);
insert into partidos values (26,'G',1207,'D','N',0,null);
insert into partidos values (27,'G',1217,'L','N',0,null);
insert into partidos values (27,'G',1224,'W','N',3,null);
insert into partidos values (28,'G',1218,'D','N',0,null);
insert into partidos values (28,'G',1206,'D','N',0,null);
insert into partidos values (29,'G',1223,'L','N',0,null);
insert into partidos values (29,'G',1213,'W','N',1,null);
insert into partidos values (30,'G',1212,'L','N',0,null);
insert into partidos values (30,'G',1208,'W','N',1,null);
insert into partidos values (31,'G',1205,'L','N',0,null);
insert into partidos values (31,'G',1222,'W','N',2,null);
insert into partidos values (32,'G',1204,'W','N',2,null);
insert into partidos values (32,'G',1219,'L','N',1,null);
insert into partidos values (33,'G',1210,'W','N',2,null);
insert into partidos values (33,'G',1202,'L','N',1,null);
insert into partidos values (34,'G',1209,'D','N',3,null);
insert into partidos values (34,'G',1214,'D','N',3,null);
insert into partidos values (35,'G',1211,'L','N',0,null);
insert into partidos values (35,'G',1215,'W','N',1,null);
insert into partidos values (36,'G',1220,'L','N',0,null);
insert into partidos values (36,'G',1203,'W','N',1,null);
insert into partidos values (37,'R',1221,'L','P',1,4);
insert into partidos values (37,'R',1213,'W','P',1,5);
insert into partidos values (38,'R',1224,'W','N',1,null);
insert into partidos values (38,'R',1212,'L','N',0,null);
insert into partidos values (39,'R',1204,'L','N',0,null);
insert into partidos values (39,'R',1214,'W','N',1,null);
insert into partidos values (40,'R',1207,'W','N',2,null);
insert into partidos values (40,'R',1215,'L','N',1,null);
insert into partidos values (41,'R',1208,'W','N',3,null);
insert into partidos values (41,'R',1218,'L','N',0,null);
insert into partidos values (42,'R',1209,'L','N',0,null);
insert into partidos values (42,'R',1203,'W','N',4,null);
insert into partidos values (43,'R',1211,'W','N',2,null);
insert into partidos values (43,'R',1219,'L','N',0,null);
insert into partidos values (44,'R',1206,'L','N',1,null);
insert into partidos values (44,'R',1210,'W','N',2,null);
insert into partidos values (45,'Q',1213,'L','P',1,3);
insert into partidos values (45,'Q',1214,'W','P',1,5);
insert into partidos values (46,'Q',1224,'W','N',3,null);
insert into partidos values (46,'Q',1203,'L','N',1,null);
insert into partidos values (47,'Q',1208,'W','P',1,6);
insert into partidos values (47,'Q',1211,'L','P',1,5);
insert into partidos values (48,'Q',1207,'W','N',5,null);
insert into partidos values (48,'Q',1210,'L','N',2,null);
insert into partidos values (49,'S',1214,'W','N',2,null);
insert into partidos values (49,'S',1224,'L','N',0,null);
insert into partidos values (50,'S',1207,'W','N',2,null);
insert into partidos values (50,'S',1208,'L','N',1,null);
insert into partidos values (51,'F',1214,'W','N',1,null);
insert into partidos values (51,'F',1207,'L','N',0,null);

CREATE TABLE goles(
	id_gol int,
	num_partido int,
	id_jugador int,
	id_pais int,
	minuto int,
	tipo char,
	ronda char,
	tiempo varchar(2),
	mitad int,
	primary key(id_gol)
);

insert into goles values (1,1,160159,1207,57,'N','G','NT',2);
insert into goles values (2,1,160368,1216,65,'P','G','NT',2);
insert into goles values (3,1,160154,1207,89,'N','G','NT',2);
insert into goles values (4,2,160470,1221,5,'N','G','NT',1);
insert into goles values (5,3,160547,1224,10,'N','G','NT',1);
insert into goles values (6,3,160403,1218,61,'N','G','NT',2);
insert into goles values (7,3,160550,1224,81,'N','G','NT',2);
insert into goles values (8,4,160128,1206,73,'N','G','NT',2);
insert into goles values (9,4,160373,1217,93,'N','G','ST',2);
insert into goles values (10,5,160084,1204,41,'N','G','NT',1);
insert into goles values (11,6,160298,1213,51,'N','G','NT',2);
insert into goles values (12,7,160183,1208,19,'N','G','NT',1);
insert into goles values (13,7,160180,1208,93,'N','G','ST',2);
insert into goles values (14,8,160423,1219,87,'N','G','NT',2);
insert into goles values (15,9,160335,1215,48,'N','G','NT',2);
insert into goles values (16,9,160327,1215,71,'O','G','NT',2);
insert into goles values (17,10,160244,1211,32,'N','G','NT',1);
insert into goles values (18,10,160252,1211,93,'N','G','ST',2);
insert into goles values (19,11,160207,1209,62,'N','G','NT',2);
insert into goles values (20,11,160200,1209,87,'N','G','NT',2);
insert into goles values (21,12,160320,1214,31,'N','G','NT',1);
insert into goles values (22,12,160221,1210,50,'N','G','NT',2);
insert into goles values (23,13,160411,1218,32,'N','G','NT',1);
insert into goles values (24,13,160405,1218,45,'N','G','NT',1);
insert into goles values (25,13,160380,1217,80,'N','G','NT',2);
insert into goles values (26,14,160368,1216,18,'P','G','NT',1);
insert into goles values (27,14,160481,1221,57,'N','G','NT',2);
insert into goles values (28,15,160160,1207,90,'N','G','NT',2);
insert into goles values (29,15,160154,1207,96,'N','G','ST',2);
insert into goles values (30,16,160547,1224,42,'N','G','NT',1);
insert into goles values (31,16,160138,1206,56,'N','G','NT',2);
insert into goles values (32,16,160137,1206,93,'N','G','ST',2);
insert into goles values (33,17,160262,1212,49,'N','G','NT',2);
insert into goles values (34,17,160275,1212,96,'N','G','ST',2);
insert into goles values (35,19,160248,1211,88,'N','G','NT',2);
insert into goles values (36,20,160085,1204,37,'N','G','NT',1);
insert into goles values (37,20,160086,1204,59,'N','G','NT',2);
insert into goles values (38,20,160115,1205,76,'N','G','NT',2);
insert into goles values (39,20,160114,1205,89,'P','G','NT',2);
insert into goles values (40,21,160435,1219,34,'N','G','NT',1);
insert into goles values (41,21,160436,1219,37,'N','G','NT',1);
insert into goles values (42,21,160435,1219,48,'N','G','NT',2);
insert into goles values (43,22,160067,1203,48,'N','G','NT',2);
insert into goles values (44,22,160064,1203,61,'N','G','NT',2);
insert into goles values (45,22,160067,1203,70,'N','G','NT',2);
insert into goles values (46,23,160224,1210,40,'P','G','NT',1);
insert into goles values (47,23,160216,1210,88,'O','G','NT',2);
insert into goles values (48,25,160023,1201,43,'N','G','NT',1);
insert into goles values (49,27,160544,1224,11,'N','G','NT',1);
insert into goles values (50,27,160538,1224,20,'N','G','NT',1);
insert into goles values (51,27,160547,1224,67,'N','G','NT',2);
insert into goles values (52,29,160287,1213,54,'N','G','NT',2);
insert into goles values (53,30,160182,1208,30,'N','G','NT',1);
insert into goles values (54,31,160504,1222,10,'N','G','NT',1);
insert into goles values (55,31,160500,1222,65,'N','G','NT',2);
insert into goles values (56,32,160435,1219,7,'N','G','NT',1);
insert into goles values (57,32,160089,1204,45,'N','G','NT',1);
insert into goles values (58,32,160085,1204,87,'N','G','NT',2);
insert into goles values (59,33,160226,1210,18,'N','G','NT',1);
insert into goles values (60,33,160042,1202,60,'N','G','NT',2);
insert into goles values (61,33,160226,1210,94,'N','G','ST',2);
insert into goles values (62,34,160203,1209,19,'N','G','NT',1);
insert into goles values (63,34,160320,1214,42,'N','G','NT',1);
insert into goles values (64,34,160202,1209,47,'N','G','NT',2);
insert into goles values (65,34,160322,1214,50,'N','G','NT',2);
insert into goles values (66,34,160202,1209,55,'N','G','NT',2);
insert into goles values (67,34,160322,1214,62,'N','G','NT',2);
insert into goles values (68,35,160333,1215,85,'N','G','NT',2);
insert into goles values (69,36,160063,1203,84,'N','G','NT',2);
insert into goles values (70,37,160287,1213,39,'N','R','NT',1);
insert into goles values (71,37,160476,1221,82,'N','R','NT',2);
insert into goles values (72,38,160262,1212,75,'O','R','NT',2);
insert into goles values (73,39,160321,1214,117,'N','R','ET',2);
insert into goles values (74,40,160333,1215,2,'P','R','NT',1);
insert into goles values (75,40,160160,1207,58,'N','R','NT',2);
insert into goles values (76,40,160160,1207,61,'N','R','NT',2);
insert into goles values (77,41,160165,1208,8,'N','R','NT',1);
insert into goles values (78,41,160182,1208,43,'N','R','NT',1);
insert into goles values (79,41,160173,1208,63,'N','R','NT',2);
insert into goles values (80,42,160050,1203,10,'N','R','NT',1);
insert into goles values (81,42,160065,1203,78,'N','R','NT',2);
insert into goles values (82,42,160062,1203,80,'N','R','NT',2);
insert into goles values (83,42,160058,1203,90,'N','R','NT',2);
insert into goles values (84,43,160236,1211,33,'N','R','NT',1);
insert into goles values (85,43,160252,1211,91,'N','R','ST',2);
insert into goles values (86,44,160136,1206,4,'P','R','NT',1);
insert into goles values (87,44,160219,1210,6,'N','R','NT',1);
insert into goles values (88,44,160230,1210,18,'N','R','NT',1);
insert into goles values (89,45,160297,1213,2,'N','Q','NT',1);
insert into goles values (90,45,160316,1214,33,'N','Q','NT',1);
insert into goles values (91,46,160063,1203,13,'N','Q','NT',1);
insert into goles values (92,46,160539,1224,31,'N','Q','NT',1);
insert into goles values (93,46,160550,1224,55,'N','Q','NT',2);
insert into goles values (94,46,160551,1224,86,'N','Q','NT',2);
insert into goles values (95,47,160177,1208,65,'N','Q','NT',2);
insert into goles values (96,47,160235,1211,78,'P','Q','NT',2);
insert into goles values (97,48,160159,1207,12,'N','Q','NT',1);
insert into goles values (98,48,160155,1207,20,'N','Q','NT',1);
insert into goles values (99,48,160154,1207,43,'N','Q','NT',1);
insert into goles values (100,48,160160,1207,45,'N','Q','NT',1);
insert into goles values (101,48,160230,1210,56,'N','Q','NT',2);
insert into goles values (102,48,160159,1207,59,'N','Q','NT',2);
insert into goles values (103,48,160221,1210,84,'N','Q','NT',2);
insert into goles values (104,49,160322,1214,50,'N','S','NT',2);
insert into goles values (105,49,160320,1214,53,'N','S','NT',2);
insert into goles values (106,50,160160,1207,47,'P','S','ST',1);
insert into goles values (107,50,160160,1207,72,'N','S','NT',2);
insert into goles values (108,51,160319,1214,109,'N','F','ET',2);

CREATE TABLE entrenadores(
	id_entrenador int,
	id_pais int,
	nombre_entrenador varchar(30),
	primary key(id_entrenador)
);

insert into entrenadores values (5550,1201,'Gianni De Biasi');
insert into entrenadores values (5551,1202,'Marcel Koller');
insert into entrenadores values (5552,1203,'Marc Wilmots');
insert into entrenadores values (5553,1204,'Ante Cacic');
insert into entrenadores values (5554,1205,'Pavel Vrba');
insert into entrenadores values (5555,1206,'Roy Hodgson');
insert into entrenadores values (5556,1207,'Didier Deschamps');
insert into entrenadores values (5557,1208,'Joachim Low');
insert into entrenadores values (5558,1209,'Bernd Storck');
insert into entrenadores values (5559,1210,'Lars Lagerback');
insert into entrenadores values (5560,1210,'Heimir Hallgrmsson');
insert into entrenadores values (5561,1211,'Antonio Conte');
insert into entrenadores values (5562,1212,'Michael ONeill');
insert into entrenadores values (5563,1213,'Adam Nawalka');
insert into entrenadores values (5564,1214,'Fernando Santos');
insert into entrenadores values (5565,1215,'Martin ONeill');
insert into entrenadores values (5566,1216,'Anghel Iordanescu');
insert into entrenadores values (5567,1217,'Leonid Slutski');
insert into entrenadores values (5568,1218,'Jan Kozak');
insert into entrenadores values (5569,1219,'Vicente del Bosque');
insert into entrenadores values (5570,1220,'Erik Hamren');
insert into entrenadores values (5571,1221,'Vladimir Petkovic');
insert into entrenadores values (5572,1222,'Fatih Terim');
insert into entrenadores values (5573,1223,'Mykhailo Fomenko');
insert into entrenadores values (5574,1224,'Chris Coleman');

CREATE TABLE capitanes(
	num_partido int,
	id_pais int,
	id_jugador int
);

insert into capitanes values (1,1207,160140);
insert into capitanes values (1,1216,160349);
insert into capitanes values (2,1201,160013);
insert into capitanes values (2,1221,160467);
insert into capitanes values (3,1224,160539);
insert into capitanes values (3,1218,160401);
insert into capitanes values (4,1206,160136);
insert into capitanes values (4,1217,160373);
insert into capitanes values (5,1222,160494);
insert into capitanes values (5,1204,160076);
insert into capitanes values (6,1213,160297);
insert into capitanes values (6,1212,160267);
insert into capitanes values (7,1208,160163);
insert into capitanes values (7,1223,160515);
insert into capitanes values (8,1219,160424);
insert into capitanes values (8,1205,160110);
insert into capitanes values (9,1215,160331);
insert into capitanes values (9,1220,160459);
insert into capitanes values (10,1203,160062);
insert into capitanes values (10,1211,160231);
insert into capitanes values (11,1202,160028);
insert into capitanes values (11,1209,160202);
insert into capitanes values (12,1214,160322);
insert into capitanes values (12,1210,160222);
insert into capitanes values (13,1217,160373);
insert into capitanes values (13,1218,160401);
insert into capitanes values (14,1216,160349);
insert into capitanes values (14,1221,160467);
insert into capitanes values (15,1207,160140);
insert into capitanes values (15,1201,160004);
insert into capitanes values (16,1206,160136);
insert into capitanes values (16,1224,160539);
insert into capitanes values (17,1223,160515);
insert into capitanes values (17,1212,160267);
insert into capitanes values (18,1208,160163);
insert into capitanes values (18,1213,160297);
insert into capitanes values (19,1211,160231);
insert into capitanes values (19,1220,160459);
insert into capitanes values (20,1205,160110);
insert into capitanes values (20,1204,160076);
insert into capitanes values (21,1219,160424);
insert into capitanes values (21,1222,160494);
insert into capitanes values (22,1203,160062);
insert into capitanes values (22,1215,160331);
insert into capitanes values (23,1210,160222);
insert into capitanes values (23,1209,160202);
insert into capitanes values (24,1214,160322);
insert into capitanes values (24,1202,160028);
insert into capitanes values (25,1216,160349);
insert into capitanes values (25,1201,160004);
insert into capitanes values (26,1221,160467);
insert into capitanes values (26,1207,160140);
insert into capitanes values (27,1217,160386);
insert into capitanes values (27,1224,160539);
insert into capitanes values (28,1218,160401);
insert into capitanes values (28,1206,160120);
insert into capitanes values (29,1223,160520);
insert into capitanes values (29,1213,160297);
insert into capitanes values (30,1212,160267);
insert into capitanes values (30,1208,160163);
insert into capitanes values (31,1205,160093);
insert into capitanes values (31,1222,160494);
insert into capitanes values (32,1204,160076);
insert into capitanes values (32,1219,160424);
insert into capitanes values (33,1210,160222);
insert into capitanes values (33,1202,160028);
insert into capitanes values (34,1209,160202);
insert into capitanes values (34,1214,160322);
insert into capitanes values (35,1211,160235);
insert into capitanes values (35,1215,160328);
insert into capitanes values (36,1220,160459);
insert into capitanes values (36,1203,160062);
insert into capitanes values (37,1221,160467);
insert into capitanes values (37,1213,160297);
insert into capitanes values (38,1224,160539);
insert into capitanes values (38,1212,160267);
insert into capitanes values (39,1204,160076);
insert into capitanes values (39,1214,160322);
insert into capitanes values (40,1207,160140);
insert into capitanes values (40,1215,160328);
insert into capitanes values (41,1208,160163);
insert into capitanes values (41,1218,160401);
insert into capitanes values (42,1209,160202);
insert into capitanes values (42,1203,160062);
insert into capitanes values (43,1211,160231);
insert into capitanes values (43,1219,160424);
insert into capitanes values (44,1206,160136);
insert into capitanes values (44,1210,160222);
insert into capitanes values (45,1213,160297);
insert into capitanes values (45,1214,160322);
insert into capitanes values (46,1224,160539);
insert into capitanes values (46,1203,160062);
insert into capitanes values (47,1208,160163);
insert into capitanes values (47,1211,160231);
insert into capitanes values (48,1207,160140);
insert into capitanes values (48,1210,160222);
insert into capitanes values (49,1214,160322);
insert into capitanes values (49,1224,160539);
insert into capitanes values (50,1207,160140);
insert into capitanes values (50,1208,160180);
insert into capitanes values (51,1214,160322);
insert into capitanes values (51,1207,160140);